id,name,age,city
1,John Doe,29,New York
2,Jane Smith,34,Los Angeles
3,Emily Johnson,22,Chicago
4,Michael Brown,45,Houston
5,Linda Davis,30,Phoenix
6,William Wilson,28,Philadelphia
7,Elizabeth Martinez,33,San Antonio
8,David Anderson,40,San Diego
9,Jennifer Thomas,27,Dallas
10,James Jackson,50,San Jose
11,Patricia Harris,31,Austin
12,Christopher Clark,36,Jacksonville
13,Barbara Lewis,29,Fort Worth
14,Daniel Robinson,41,Columbus
15,Susan Walker,25,Charlotte
16,Paul Hall,38,San Francisco
17,Jessica Young,26,Indianapolis
18,Mark Allen,47,Seattle
19,Sarah King,32,Denver
20,Steven Wright,39,Washington
21,Laura Scott,28,Boston
22,Kevin Green,35,El Paso
23,Angela Baker,24,Nashville
24,George Adams,42,Detroit
25,Kimberly Nelson,27,Memphis
26,Edward Carter,37,Portland
27,Michelle Mitchell,33,Oklahoma City
28,Joshua Perez,30,Las Vegas
29,Donna Roberts,29,Louisville
30,Matthew Turner,44,Baltimore
31,Carol Phillips,31,Milwaukee
32,Anthony Campbell,46,Albuquerque
33,Dorothy Parker,28,Tucson
34,Andrew Evans,34,Fresno
35,Ashley Edwards,23,Sacramento
36,Brian Collins,40,Kansas City
37,Rebecca Stewart,26,Long Beach
38,Charles Sanchez,48,Mesa
39,Kimberly Morris,29,Atlanta
40,Jason Rogers,35,Omaha
41,Amy Reed,27,Colorado Springs
42,Jeffrey Cook,39,Raleigh
43,Deborah Morgan,32,Miami
44,Timothy Bell,41,Virginia Beach
45,Sharon Murphy,30,Oakland
46,Frank Bailey,38,Minneapolis
47,Stephanie Rivera,25,Tulsa
48,Raymond Cooper,43,Arlington
49,Carolyn Richardson,28,New Orleans
50,Gregory Cox,37,Wichita